{"AW": {"f": "🇦🇼", "n": "Aruba", "nn": "Aruba", "l": "nl", "nr": "Aruba"}, "AF": {"f": "🇦🇫", "n": "Afghanistan", "nn": "افغانستان", "l": "pr", "nr": "Afghanistan"}, "AO": {"f": "🇦🇴", "n": "Angola", "nn": "Angola", "l": "po", "nr": "Angola"}, "AI": {"f": "🇦🇮", "n": "Anguilla", "nn": "Anguilla", "l": "en"}, "AX": {"f": "🇦🇽", "n": "Åland Islands", "nn": "Åland", "l": "sw"}, "AL": {"f": "🇦🇱", "n": "Albania", "nn": "Shqipëria", "l": "sq", "nr": "Albania"}, "AD": {"f": "🇦🇩", "n": "Andorra", "nn": "Andorra", "l": "ca", "nr": "Andorra"}, "AE": {"f": "🇦🇪", "n": "United Arab Emirates", "nn": "دولة الإمارات العربية المتحدة", "l": "ar", "nr": "The United Arab Emirates"}, "AR": {"f": "🇦🇷", "n": "Argentina", "nn": "Argentina", "l": "gr", "nr": "Argentina"}, "AM": {"f": "🇦🇲", "n": "Armenia", "nn": "Հայաստան", "l": "hy", "nr": "Armenia"}, "AS": {"f": "🇦🇸", "n": "American Samoa", "nn": "American Samoa", "l": "en", "nr": "American Samoa"}, "AQ": {"f": "🇦🇶", "n": "Antarctica", "nn": "Antarctica", "l": "", "nr": "Antarctica"}, "TF": {"f": "🇹🇫", "n": "French Southern and Antarctic Lands", "nn": "Terres australes et antarctiques françaises", "l": "fr", "nr": "The French Southern Territories"}, "AG": {"f": "🇦🇬", "n": "Antigua and Barbuda", "nn": "Antigua and Barbuda", "l": "en", "nr": "Antigua And Barbuda"}, "AU": {"f": "🇦🇺", "n": "Australia", "nn": "Australia", "l": "en", "nr": "Australia"}, "AT": {"f": "🇦🇹", "n": "Austria", "nn": "Österreich", "l": "ba", "nr": "Austria"}, "AZ": {"f": "🇦🇿", "n": "Azerbaijan", "nn": "Azərbaycan", "l": "az", "nr": "Azerbaijan"}, "BI": {"f": "🇧🇮", "n": "Burundi", "nn": "Burundi", "l": "fr", "nr": "Burundi"}, "BE": {"f": "🇧🇪", "n": "Belgium", "nn": "Belgien", "l": "de", "nr": "Belgium"}, "BJ": {"f": "🇧🇯", "n": "Benin", "nn": "Bénin", "l": "fr", "nr": "Benin"}, "BF": {"f": "🇧🇫", "n": "Burkina Faso", "nn": "Burkina Faso", "l": "fr", "nr": "Burkina Faso"}, "BD": {"f": "🇧🇩", "n": "Bangladesh", "nn": "বাংলাদেশ", "l": "be", "nr": "Bangladesh"}, "BG": {"f": "🇧🇬", "n": "Bulgaria", "nn": "България", "l": "bu", "nr": "Bulgaria"}, "BH": {"f": "🇧🇭", "n": "Bahrain", "nn": "‏البحرين", "l": "ar", "nr": "Bahrain"}, "BS": {"f": "🇧🇸", "n": "Bahamas", "nn": "Bahamas", "l": "en", "nr": "The Bahamas"}, "BA": {"f": "🇧🇦", "n": "Bosnia and Herzegovina", "nn": "Bosna i Hercegovina", "l": "bo", "nr": "Bosnia And Herzegovina"}, "BL": {"f": "🇧🇱", "n": "Saint Barthélemy", "nn": "Saint-Barthélemy", "l": "fr"}, "SH": {"f": "🇸🇭", "n": "Saint Helena, Ascension and Tristan da Cunha", "nn": "Saint Helena, Ascension and Tristan da Cunha", "l": "en", "nr": "Ascension And Tristan Da Cunha Saint Helena"}, "BY": {"f": "🇧🇾", "n": "Belarus", "nn": "Белару́сь", "l": "be", "nr": "Belarus"}, "BZ": {"f": "🇧🇿", "n": "Belize", "nn": "Belize", "l": "bj", "nr": "Belize"}, "BM": {"f": "🇧🇲", "n": "Bermuda", "nn": "Bermuda", "l": "en", "nr": "Bermuda"}, "BO": {"f": "🇧🇴", "n": "Bolivia", "nn": "Wuliwya", "l": "ay", "nr": "Bolivia"}, "BQ": {"f": "", "n": "Caribbean Netherlands", "nn": "Caribisch Nederland", "l": "nl", "nr": "Bonaire"}, "BR": {"f": "🇧🇷", "n": "Brazil", "nn": "Brasil", "l": "po", "nr": "Brazil"}, "BB": {"f": "🇧🇧", "n": "Barbados", "nn": "Barbados", "l": "en", "nr": "Barbados"}, "BN": {"f": "🇧🇳", "n": "Brunei", "nn": "Negara Brunei Darussalam", "l": "ms", "nr": "Brunei Darussalam"}, "BT": {"f": "🇧🇹", "n": "Bhutan", "nn": "འབྲུག་ཡུལ་", "l": "dz", "nr": "Bhutan"}, "BV": {"f": "🇧🇻", "n": "Bouvet Island", "nn": "Bouvetøya", "l": "no"}, "BW": {"f": "🇧🇼", "n": "Botswana", "nn": "Botswana", "l": "en", "nr": "Botswana"}, "CF": {"f": "🇨🇫", "n": "Central African Republic", "nn": "République centrafricaine", "l": "fr", "nr": "The Central African Republic"}, "CA": {"f": "🇨🇦", "n": "Canada", "nn": "Canada", "l": "en", "nr": "Canada"}, "CC": {"f": "🇨🇨", "n": "Cocos (Keeling) Islands", "nn": "Cocos (Keeling) Islands", "l": "en", "nr": "The Cocos Keeling Islands"}, "CH": {"f": "🇨🇭", "n": "Switzerland", "nn": "Suisse", "l": "fr", "nr": "Switzerland"}, "CL": {"f": "🇨🇱", "n": "Chile", "nn": "Chile", "l": "sp", "nr": "Chile"}, "CN": {"f": "🇨🇳", "n": "China", "nn": "中国", "l": "zh", "nr": "China"}, "CI": {"f": "🇨🇮", "n": "Ivory Coast", "nn": "Côte d'Ivoire", "l": "fr", "nr": "Coted Ivoire"}, "CM": {"f": "🇨🇲", "n": "Cameroon", "nn": "Cameroon", "l": "en", "nr": "Cameroon"}, "CD": {"f": "🇨🇩", "n": "DR Congo", "nn": "RD Congo", "l": "fr", "nr": "The Democratic Republic Of The Congo"}, "CG": {"f": "🇨🇬", "n": "Republic of the Congo", "nn": "République du Congo", "l": "fr"}, "CK": {"f": "🇨🇰", "n": "Cook Islands", "nn": "Cook Islands", "l": "en", "nr": "The Cook Islands"}, "CO": {"f": "🇨🇴", "n": "Colombia", "nn": "Colombia", "l": "sp", "nr": "Colombia"}, "KM": {"f": "🇰🇲", "n": "Comoros", "nn": "القمر‎", "l": "ar", "nr": "The Comoros"}, "CV": {"f": "🇨🇻", "n": "Cape Verde", "nn": "Cabo Verde", "l": "po", "nr": "Cabo Verde"}, "CR": {"f": "🇨🇷", "n": "Costa Rica", "nn": "Costa Rica", "l": "sp", "nr": "Costa Rica"}, "CU": {"f": "🇨🇺", "n": "Cuba", "nn": "Cuba", "l": "sp", "nr": "Cuba"}, "CW": {"f": "🇨🇼", "n": "Curaçao", "nn": "Curaçao", "l": "en", "nr": "Curacao"}, "CX": {"f": "🇨🇽", "n": "Christmas Island", "nn": "Christmas Island", "l": "en"}, "KY": {"f": "🇰🇾", "n": "Cayman Islands", "nn": "Cayman Islands", "l": "en", "nr": "The Cayman Islands"}, "CY": {"f": "🇨🇾", "n": "Cyprus", "nn": "Κύπρος", "l": "el", "nr": "Cyprus"}, "CZ": {"f": "🇨🇿", "n": "Czechia", "nn": "Česko", "l": "ce", "nr": "Czechia"}, "DE": {"f": "🇩🇪", "n": "Germany", "nn": "Deutschland", "l": "de", "nr": "Germany"}, "DJ": {"f": "🇩🇯", "n": "Djibouti", "nn": "جيبوتي‎", "l": "ar"}, "DM": {"f": "🇩🇲", "n": "Dominica", "nn": "Dominica", "l": "en", "nr": "Dominica"}, "DK": {"f": "🇩🇰", "n": "Denmark", "nn": "Danmark", "l": "da", "nr": "Denmark"}, "DO": {"f": "🇩🇴", "n": "Dominican Republic", "nn": "República Dominicana", "l": "sp", "nr": "The Dominican Republic"}, "DZ": {"f": "🇩🇿", "n": "Algeria", "nn": "الجزائر", "l": "ar", "nr": "Algeria"}, "EC": {"f": "🇪🇨", "n": "Ecuador", "nn": "Ecuador", "l": "sp", "nr": "Ecuador"}, "EG": {"f": "🇪🇬", "n": "Egypt", "nn": "مصر", "l": "ar", "nr": "Egypt"}, "ER": {"f": "🇪🇷", "n": "Eritrea", "nn": "إرتريا‎", "l": "ar"}, "EH": {"f": "🇪🇭", "n": "Western Sahara", "nn": "Western Sahara", "l": "be", "nr": "Western Sahara"}, "ES": {"f": "🇪🇸", "n": "Spain", "nn": "España", "l": "sp", "nr": "Spain"}, "EE": {"f": "🇪🇪", "n": "Estonia", "nn": "Eesti", "l": "es", "nr": "Estonia"}, "ET": {"f": "🇪🇹", "n": "Ethiopia", "nn": "ኢትዮጵያ", "l": "am", "nr": "Ethiopia"}, "FI": {"f": "🇫🇮", "n": "Finland", "nn": "Suomi", "l": "fi", "nr": "Finland"}, "FJ": {"f": "🇫🇯", "n": "Fiji", "nn": "Fiji", "l": "en", "nr": "Fiji"}, "FK": {"f": "🇫🇰", "n": "Falkland Islands", "nn": "Falkland Islands", "l": "en", "nr": "The Falkland Islands Malvinas"}, "FR": {"f": "🇫🇷", "n": "France", "nn": "France", "l": "fr", "nr": "France"}, "FO": {"f": "🇫🇴", "n": "Faroe Islands", "nn": "Færøerne", "l": "da", "nr": "The Faroe Islands"}, "FM": {"f": "🇫🇲", "n": "Micronesia", "nn": "Micronesia", "l": "en"}, "GA": {"f": "🇬🇦", "n": "Gabon", "nn": "Gabon", "l": "fr"}, "GB": {"f": "🇬🇧", "n": "United Kingdom", "nn": "United Kingdom", "l": "en", "nr": "The United Kingdom Of Great Britain And Northern Ireland"}, "GE": {"f": "🇬🇪", "n": "Georgia", "nn": "საქართველო", "l": "ka", "nr": "Georgia"}, "GG": {"f": "🇬🇬", "n": "Guernsey", "nn": "Guernsey", "l": "en", "nr": "Guernsey"}, "GH": {"f": "🇬🇭", "n": "Ghana", "nn": "Ghana", "l": "en", "nr": "Ghana"}, "GI": {"f": "🇬🇮", "n": "Gibraltar", "nn": "Gibraltar", "l": "en", "nr": "Gibraltar"}, "GN": {"f": "🇬🇳", "n": "Guinea", "nn": "Guinée", "l": "fr", "nr": "Guinea"}, "GP": {"f": "🇬🇵", "n": "Guadeloupe", "nn": "Guadeloupe", "l": "fr", "nr": "Guadeloupe"}, "GM": {"f": "🇬🇲", "n": "Gambia", "nn": "Gambia", "l": "en"}, "GW": {"f": "🇬🇼", "n": "Guinea-Bissau", "nn": "Guiné-Bissau", "l": "po"}, "GQ": {"f": "🇬🇶", "n": "Equatorial Guinea", "nn": "Guinée équatoriale", "l": "fr", "nr": "Equatorial Guinea"}, "GR": {"f": "🇬🇷", "n": "Greece", "nn": "Ελλάδα", "l": "el", "nr": "Greece"}, "GD": {"f": "🇬🇩", "n": "Grenada", "nn": "Grenada", "l": "en", "nr": "Grenada"}, "GL": {"f": "🇬🇱", "n": "Greenland", "nn": "Kalaallit Nunaat", "l": "ka", "nr": "Greenland"}, "GT": {"f": "🇬🇹", "n": "Guatemala", "nn": "Guatemala", "l": "sp", "nr": "Guatemala"}, "GF": {"f": "🇬🇫", "n": "French Guiana", "nn": "Guyane française", "l": "fr", "nr": "French Guiana"}, "GU": {"f": "🇬🇺", "n": "Guam", "nn": "Guåhån", "l": "ch", "nr": "Guam"}, "GY": {"f": "🇬🇾", "n": "Guyana", "nn": "Guyana", "l": "en", "nr": "Guyana"}, "HK": {"f": "🇭🇰", "n": "Hong Kong", "nn": "Hong Kong", "l": "en", "nr": "Hong Kong"}, "HM": {"f": "🇭🇲", "n": "Heard Island and McDonald Islands", "nn": "Heard Island and McDonald Islands", "l": "en"}, "HN": {"f": "🇭🇳", "n": "Honduras", "nn": "Honduras", "l": "sp", "nr": "Honduras"}, "HR": {"f": "🇭🇷", "n": "Croatia", "nn": "Hrvatska", "l": "hr", "nr": "Croatia"}, "HT": {"f": "🇭🇹", "n": "Haiti", "nn": "Haïti", "l": "fr", "nr": "Haiti"}, "HU": {"f": "🇭🇺", "n": "Hungary", "nn": "Magyarország", "l": "hu", "nr": "Hungary"}, "ID": {"f": "🇮🇩", "n": "Indonesia", "nn": "Indonesia", "l": "in", "nr": "Indonesia"}, "IM": {"f": "🇮🇲", "n": "Isle of Man", "nn": "Isle of Man", "l": "en", "nr": "Isle Of Man"}, "IN": {"f": "🇮🇳", "n": "India", "nn": "India", "l": "en", "nr": "India"}, "IO": {"f": "🇮🇴", "n": "British Indian Ocean Territory", "nn": "British Indian Ocean Territory", "l": "en", "nr": "British Indian Ocean Territory"}, "IE": {"f": "🇮🇪", "n": "Ireland", "nn": "Ireland", "l": "en", "nr": "Ireland"}, "IR": {"f": "🇮🇷", "n": "Iran", "nn": "ایران", "l": "fa", "nr": "Islamic Republic Of Iran"}, "IQ": {"f": "🇮🇶", "n": "Iraq", "nn": "العراق", "l": "ar", "nr": "Iraq"}, "IS": {"f": "🇮🇸", "n": "Iceland", "nn": "Ísland", "l": "is", "nr": "Iceland"}, "IL": {"f": "🇮🇱", "n": "Israel", "nn": "إسرائيل", "l": "ar", "nr": "Israel"}, "IT": {"f": "🇮🇹", "n": "Italy", "nn": "Italia", "l": "it", "nr": "Italy"}, "JM": {"f": "🇯🇲", "n": "Jamaica", "nn": "Jamaica", "l": "en", "nr": "Jamaica"}, "JE": {"f": "🇯🇪", "n": "Jersey", "nn": "Jersey", "l": "en"}, "JO": {"f": "🇯🇴", "n": "Jordan", "nn": "الأردن", "l": "ar", "nr": "Jordan"}, "JP": {"f": "🇯🇵", "n": "Japan", "nn": "日本", "l": "jp", "nr": "Japan"}, "KZ": {"f": "🇰🇿", "n": "Kazakhstan", "nn": "Қазақстан", "l": "ka", "nr": "Kazakhstan"}, "KE": {"f": "🇰🇪", "n": "Kenya", "nn": "Kenya", "l": "en", "nr": "Kenya"}, "KG": {"f": "🇰🇬", "n": "Kyrgyzstan", "nn": "Кыргызстан", "l": "ki", "nr": "Kyrgyzstan"}, "KH": {"f": "🇰🇭", "n": "Cambodia", "nn": "Kâmpŭchéa", "l": "kh", "nr": "Cambodia"}, "KI": {"f": "🇰🇮", "n": "Kiribati", "nn": "Kiribati", "l": "en", "nr": "Kiribati"}, "KN": {"f": "🇰🇳", "n": "Saint Kitts and Nevis", "nn": "Saint Kitts and Nevis", "l": "en", "nr": "Saint Kitts And Nevis"}, "KR": {"f": "🇰🇷", "n": "South Korea", "nn": "한국", "l": "ko", "nr": "The Republic Of Korea"}, "XK": {"f": "🇽🇰", "n": "Kosovo", "nn": "Kosova", "l": "sq", "nr": "Kosovo"}, "KW": {"f": "🇰🇼", "n": "Kuwait", "nn": "الكويت", "l": "ar", "nr": "Kuwait"}, "LA": {"f": "🇱🇦", "n": "Laos", "nn": "ສປປລາວ", "l": "la"}, "LB": {"f": "🇱🇧", "n": "Lebanon", "nn": "لبنان", "l": "ar", "nr": "Lebanon"}, "LR": {"f": "🇱🇷", "n": "Liberia", "nn": "Liberia", "l": "en"}, "LY": {"f": "🇱🇾", "n": "Libya", "nn": "‏ليبيا", "l": "ar", "nr": "Libya"}, "LC": {"f": "🇱🇨", "n": "Saint Lucia", "nn": "Saint Lucia", "l": "en", "nr": "Saint Lucia"}, "LI": {"f": "🇱🇮", "n": "Liechtenstein", "nn": "Liechtenstein", "l": "de", "nr": "Liechtenstein"}, "LK": {"f": "🇱🇰", "n": "Sri Lanka", "nn": "ශ්‍රී ලංකාව", "l": "si", "nr": "Sri Lanka"}, "LS": {"f": "🇱🇸", "n": "Lesotho", "nn": "Lesotho", "l": "en"}, "LT": {"f": "🇱🇹", "n": "Lithuania", "nn": "Lietuva", "l": "li", "nr": "Lithuania"}, "LU": {"f": "🇱🇺", "n": "Luxembourg", "nn": "Luxemburg", "l": "de", "nr": "Luxembourg"}, "LV": {"f": "🇱🇻", "n": "Latvia", "nn": "Latvija", "l": "la", "nr": "Latvia"}, "MO": {"f": "🇲🇴", "n": "Macau", "nn": "Macau", "l": "po", "nr": "Macao"}, "MF": {"f": "🇲🇫", "n": "Saint Martin", "nn": "Saint-Martin", "l": "fr"}, "MA": {"f": "🇲🇦", "n": "Morocco", "nn": "المغرب", "l": "ar", "nr": "Morocco"}, "MC": {"f": "🇲🇨", "n": "Monaco", "nn": "Monaco", "l": "fr", "nr": "Monaco"}, "MD": {"f": "🇲🇩", "n": "Moldova", "nn": "Moldova", "l": "ro", "nr": "The Republic Of Moldova"}, "MG": {"f": "🇲🇬", "n": "Madagascar", "nn": "Madagascar", "l": "fr", "nr": "Madagascar"}, "MV": {"f": "🇲🇻", "n": "Maldives", "nn": "ދިވެހިރާއްޖޭގެ", "l": "di"}, "MX": {"f": "🇲🇽", "n": "Mexico", "nn": "México", "l": "sp", "nr": "Mexico"}, "MH": {"f": "🇲🇭", "n": "Marshall Islands", "nn": "Marshall Islands", "l": "en"}, "MK": {"f": "🇲🇰", "n": "North Macedonia", "nn": "Македонија", "l": "mk", "nr": "Republic Of North Macedonia"}, "ML": {"f": "🇲🇱", "n": "Mali", "nn": "Mali", "l": "fr"}, "MT": {"f": "🇲🇹", "n": "Malta", "nn": "Malta", "l": "en", "nr": "Malta"}, "MM": {"f": "🇲🇲", "n": "Myanmar", "nn": "မြန်မာ", "l": "my", "nr": "Myanmar"}, "ME": {"f": "🇲🇪", "n": "Montenegro", "nn": "Црна Гора", "l": "cn", "nr": "Montenegro"}, "MN": {"f": "🇲🇳", "n": "Mongolia", "nn": "Монгол улс", "l": "mo", "nr": "Mongolia"}, "MP": {"f": "🇲🇵", "n": "Northern Mariana Islands", "nn": "Northern Mariana Islands", "l": "ca"}, "MZ": {"f": "🇲🇿", "n": "Mozambique", "nn": "Moçambique", "l": "po", "nr": "Mozambique"}, "MR": {"f": "🇲🇷", "n": "Mauritania", "nn": "موريتانيا", "l": "ar"}, "MS": {"f": "🇲🇸", "n": "Montserrat", "nn": "Montserrat", "l": "en"}, "MQ": {"f": "🇲🇶", "n": "Martinique", "nn": "Martinique", "l": "fr", "nr": "Martinique"}, "MU": {"f": "🇲🇺", "n": "Mauritius", "nn": "Mauritius", "l": "en", "nr": "Mauritius"}, "MW": {"f": "🇲🇼", "n": "Malawi", "nn": "Malawi", "l": "en", "nr": "Malawi"}, "MY": {"f": "🇲🇾", "n": "Malaysia", "nn": "Malaysia", "l": "en", "nr": "Malaysia"}, "YT": {"f": "🇾🇹", "n": "Mayotte", "nn": "Mayotte", "l": "fr", "nr": "Mayotte"}, "NA": {"f": "🇳🇦", "n": "Namibia", "nn": "Namibië", "l": "af", "nr": "Namibia"}, "NC": {"f": "🇳🇨", "n": "New Caledonia", "nn": "Nouvelle-Calédonie", "l": "fr", "nr": "New Caledonia"}, "NE": {"f": "🇳🇪", "n": "Niger", "nn": "Niger", "l": "fr"}, "NF": {"f": "🇳🇫", "n": "Norfolk Island", "nn": "Norfolk Island", "l": "en", "nr": "Norfolk Island"}, "NG": {"f": "🇳🇬", "n": "Nigeria", "nn": "Nigeria", "l": "en", "nr": "Nigeria"}, "NI": {"f": "🇳🇮", "n": "Nicaragua", "nn": "Nicaragua", "l": "sp", "nr": "Nicaragua"}, "NU": {"f": "🇳🇺", "n": "Niue", "nn": "Niue", "l": "en"}, "NL": {"f": "🇳🇱", "n": "Netherlands", "nn": "Nederland", "l": "nl", "nr": "The Netherlands"}, "NO": {"f": "🇳🇴", "n": "Norway", "nn": "Noreg", "l": "nn", "nr": "Norway"}, "NP": {"f": "🇳🇵", "n": "Nepal", "nn": "नेपाल", "l": "ne", "nr": "Nepal"}, "NR": {"f": "🇳🇷", "n": "Nauru", "nn": "Nauru", "l": "en"}, "NZ": {"f": "🇳🇿", "n": "New Zealand", "nn": "New Zealand", "l": "en", "nr": "New Zealand"}, "OM": {"f": "🇴🇲", "n": "Oman", "nn": "عمان", "l": "ar", "nr": "Oman"}, "PK": {"f": "🇵🇰", "n": "Pakistan", "nn": "Pakistan", "l": "en", "nr": "Pakistan"}, "PA": {"f": "🇵🇦", "n": "Panama", "nn": "Panamá", "l": "sp", "nr": "Panama"}, "PN": {"f": "🇵🇳", "n": "Pitcairn Islands", "nn": "Pitcairn Islands", "l": "en"}, "PE": {"f": "🇵🇪", "n": "Peru", "nn": "Piruw", "l": "ay", "nr": "Peru"}, "PH": {"f": "🇵🇭", "n": "Philippines", "nn": "Philippines", "l": "en", "nr": "The Philippines"}, "PW": {"f": "🇵🇼", "n": "Palau", "nn": "Palau", "l": "en"}, "PG": {"f": "🇵🇬", "n": "Papua New Guinea", "nn": "Papua New Guinea", "l": "en"}, "PL": {"f": "🇵🇱", "n": "Poland", "nn": "Polska", "l": "po", "nr": "Poland"}, "PR": {"f": "🇵🇷", "n": "Puerto Rico", "nn": "Puerto Rico", "l": "en", "nr": "Puerto Rico"}, "KP": {"f": "🇰🇵", "n": "North Korea", "nn": "조선", "l": "ko", "nr": "The Democratic Peoples Republic Of Korea"}, "PT": {"f": "🇵🇹", "n": "Portugal", "nn": "Portugal", "l": "po", "nr": "Portugal"}, "PY": {"f": "🇵🇾", "n": "Paraguay", "nn": "Paraguái", "l": "gr", "nr": "Paraguay"}, "PS": {"f": "🇵🇸", "n": "Palestine", "nn": "فلسطين", "l": "ar", "nr": "State Of Palestine"}, "PF": {"f": "🇵🇫", "n": "French Polynesia", "nn": "Polynésie française", "l": "fr", "nr": "French Polynesia"}, "QA": {"f": "🇶🇦", "n": "Qatar", "nn": "قطر", "l": "ar", "nr": "Qatar"}, "RE": {"f": "🇷🇪", "n": "Réunion", "nn": "La Réunion", "l": "fr", "nr": "Reunion"}, "RO": {"f": "🇷🇴", "n": "Romania", "nn": "România", "l": "ro", "nr": "Romania"}, "RU": {"f": "🇷🇺", "n": "Russia", "nn": "Россия", "l": "ru", "nr": "The Russian Federation"}, "RW": {"f": "🇷🇼", "n": "Rwanda", "nn": "Rwanda", "l": "en", "nr": "Rwanda"}, "SA": {"f": "🇸🇦", "n": "Saudi Arabia", "nn": "العربية السعودية", "l": "ar", "nr": "Saudi Arabia"}, "SD": {"f": "🇸🇩", "n": "Sudan", "nn": "السودان", "l": "ar", "nr": "The Sudan"}, "SN": {"f": "🇸🇳", "n": "Senegal", "nn": "Sénégal", "l": "fr", "nr": "Senegal"}, "SG": {"f": "🇸🇬", "n": "Singapore", "nn": "新加坡", "l": "zh", "nr": "Singapore"}, "GS": {"f": "🇬🇸", "n": "South Georgia", "nn": "South Georgia", "l": "en", "nr": "South Georgia And The South Sandwich Islands"}, "SJ": {"f": "🇸🇯", "n": "Svalbard and Jan Mayen", "nn": "Svalbard og Jan Mayen", "l": "no"}, "SB": {"f": "🇸🇧", "n": "Solomon Islands", "nn": "Solomon Islands", "l": "en"}, "SL": {"f": "🇸🇱", "n": "Sierra Leone", "nn": "Sierra Leone", "l": "en", "nr": "Sierra Leone"}, "SV": {"f": "🇸🇻", "n": "El Salvador", "nn": "El Salvador", "l": "sp", "nr": "El Salvador"}, "SM": {"f": "🇸🇲", "n": "San Marino", "nn": "San Marino", "l": "it", "nr": "San Marino"}, "SO": {"f": "🇸🇴", "n": "Somalia", "nn": "الصومال‎‎", "l": "ar", "nr": "Somalia"}, "PM": {"f": "🇵🇲", "n": "Saint Pierre and Miquelon", "nn": "Saint-Pierre-et-Miquelon", "l": "fr", "nr": "Saint Pierre And Miquelon"}, "RS": {"f": "🇷🇸", "n": "Serbia", "nn": "Србија", "l": "sr", "nr": "Serbia"}, "SS": {"f": "🇸🇸", "n": "South Sudan", "nn": "South Sudan", "l": "en"}, "ST": {"f": "🇸🇹", "n": "São Tomé and Príncipe", "nn": "São Tomé e Príncipe", "l": "po", "nr": "Sao Tome And Principe"}, "SR": {"f": "🇸🇷", "n": "Suriname", "nn": "Suriname", "l": "nl", "nr": "Suriname"}, "SK": {"f": "🇸🇰", "n": "Slovakia", "nn": "Slovensko", "l": "sl", "nr": "Slovakia"}, "SI": {"f": "🇸🇮", "n": "Slovenia", "nn": "Slovenija", "l": "sl", "nr": "Slovenia"}, "SE": {"f": "🇸🇪", "n": "Sweden", "nn": "Sverige", "l": "sw", "nr": "Sweden"}, "SZ": {"f": "🇸🇿", "n": "Eswatini", "nn": "Eswatini", "l": "en", "nr": "Eswatini"}, "SX": {"f": "🇸🇽", "n": "Sint Maarten", "nn": "Sint Maarten", "l": "en"}, "SC": {"f": "🇸🇨", "n": "Seychelles", "nn": "Sesel", "l": "cr", "nr": "Seychelles"}, "SY": {"f": "🇸🇾", "n": "Syria", "nn": "سوريا", "l": "ar", "nr": "Syrian Arab Republic"}, "TC": {"f": "🇹🇨", "n": "Turks and Caicos Islands", "nn": "Turks and Caicos Islands", "l": "en", "nr": "The Turks And Caicos Islands"}, "TD": {"f": "🇹🇩", "n": "Chad", "nn": "تشاد‎", "l": "ar"}, "TG": {"f": "🇹🇬", "n": "Togo", "nn": "Togo", "l": "fr", "nr": "Togo"}, "TH": {"f": "🇹🇭", "n": "Thailand", "nn": "ประเทศไทย", "l": "th", "nr": "Thailand"}, "TJ": {"f": "🇹🇯", "n": "Tajikistan", "nn": "Таджикистан", "l": "ru", "nr": "Tajikistan"}, "TK": {"f": "🇹🇰", "n": "Tokelau", "nn": "Tokelau", "l": "en"}, "TM": {"f": "🇹🇲", "n": "Turkmenistan", "nn": "Туркмения", "l": "ru", "nr": "Turkmenistan"}, "TL": {"f": "🇹🇱", "n": "Timor-Leste", "nn": "Timor-Leste", "l": "po"}, "TO": {"f": "🇹🇴", "n": "Tonga", "nn": "Tonga", "l": "en", "nr": "Tonga"}, "TT": {"f": "🇹🇹", "n": "Trinidad and Tobago", "nn": "Trinidad and Tobago", "l": "en", "nr": "Trinidad And Tobago"}, "TN": {"f": "🇹🇳", "n": "Tunisia", "nn": "تونس", "l": "ar", "nr": "Tunisia"}, "TR": {"f": "🇹🇷", "n": "Turkey", "nn": "Türkiye", "l": "tu", "nr": "Turkey"}, "TV": {"f": "🇹🇻", "n": "Tuvalu", "nn": "Tuvalu", "l": "en"}, "TZ": {"f": "🇹🇿", "n": "Tanzania", "nn": "Tanzania", "l": "en", "nr": "United Republic Of Tanzania"}, "UG": {"f": "🇺🇬", "n": "Uganda", "nn": "Uganda", "l": "en", "nr": "Uganda"}, "UA": {"f": "🇺🇦", "n": "Ukraine", "nn": "Україна", "l": "uk", "nr": "Ukraine"}, "UM": {"f": "🇺🇲", "n": "United States Minor Outlying Islands", "nn": "United States Minor Outlying Islands", "l": "en", "nr": "The United States Minor Outlying Islands"}, "UY": {"f": "🇺🇾", "n": "Uruguay", "nn": "Uruguay", "l": "sp", "nr": "Uruguay"}, "US": {"f": "🇺🇸", "n": "United States", "nn": "United States", "l": "en", "nr": "The United States Of America"}, "UZ": {"f": "🇺🇿", "n": "Uzbekistan", "nn": "Узбекистан", "l": "ru", "nr": "Uzbekistan"}, "VA": {"f": "🇻🇦", "n": "Vatican City", "nn": "Vaticano", "l": "it", "nr": "The Holy See"}, "VC": {"f": "🇻🇨", "n": "Saint Vincent and the Grenadines", "nn": "Saint Vincent and the Grenadines", "l": "en", "nr": "Saint Vincent And The Grenadines"}, "VE": {"f": "🇻🇪", "n": "Venezuela", "nn": "Venezuela", "l": "sp", "nr": "Bolivarian Republic Of Venezuela"}, "VG": {"f": "🇻🇬", "n": "British Virgin Islands", "nn": "British Virgin Islands", "l": "en"}, "VI": {"f": "🇻🇮", "n": "United States Virgin Islands", "nn": "United States Virgin Islands", "l": "en", "nr": "US Virgin Islands"}, "VN": {"f": "🇻🇳", "n": "Vietnam", "nn": "Việt Nam", "l": "vi", "nr": "Vietnam"}, "VU": {"f": "🇻🇺", "n": "Vanuatu", "nn": "Vanuatu", "l": "bi", "nr": "Vanuatu"}, "WF": {"f": "🇼🇫", "n": "Wallis and Futuna", "nn": "Wallis et Futuna", "l": "fr", "nr": "Wallis And Futuna"}, "WS": {"f": "🇼🇸", "n": "Samoa", "nn": "Samoa", "l": "en"}, "YE": {"f": "🇾🇪", "n": "Yemen", "nn": "اليَمَن", "l": "ar", "nr": "Yemen"}, "ZA": {"f": "🇿🇦", "n": "South Africa", "nn": "South Africa", "l": "af", "nr": "South Africa"}, "ZM": {"f": "🇿🇲", "n": "Zambia", "nn": "Zambia", "l": "en", "nr": "Zambia"}, "ZW": {"f": "🇿🇼", "n": "Zimbabwe", "nn": "Zimbabwe", "l": "bw", "nr": "Zimbabwe"}}