{"aa": {"n": "Afar", "nn": "Afar"}, "ab": {"n": "Abkhazian", "nn": "Аҧсуа"}, "af": {"n": "Afrikaans", "nn": "Afrikaans"}, "ak": {"n": "Akan", "nn": "Akana"}, "am": {"n": "Amharic", "nn": "አማርኛ"}, "an": {"n": "Aragonese", "nn": "Aragonés"}, "ar": {"n": "Arabic", "nn": "العربية"}, "as": {"n": "Assamese", "nn": "অসমীয়া"}, "av": {"n": "Avar", "nn": "Авар"}, "ay": {"n": "Aymara", "nn": "Aymar"}, "az": {"n": "Azerbaijani", "nn": "Azərbaycanca / آذربايجان"}, "ba": {"n": "Bashkir", "nn": "Башҡорт"}, "be": {"n": "Belarusian", "nn": "Беларуская"}, "bg": {"n": "Bulgarian", "nn": "Български"}, "bh": {"n": "Bihari", "nn": "भोजपुरी"}, "bi": {"n": "Bislama", "nn": "Bislama"}, "bm": {"n": "Bambara", "nn": "Bamanankan"}, "bn": {"n": "Bengali", "nn": "বাংলা"}, "bo": {"n": "Tibetan", "nn": "བོད་ཡིག / Bod skad"}, "br": {"n": "Breton", "nn": "Brezhoneg"}, "bs": {"n": "Bosnian", "nn": "Bosanski"}, "ca": {"n": "Catalan", "nn": "Català"}, "ce": {"n": "Chechen", "nn": "Нохчийн"}, "ch": {"n": "Chamorro", "nn": "Chamoru"}, "co": {"n": "Corsican", "nn": "Corsu"}, "cr": {"n": "Cree", "nn": "Nehiyaw"}, "cs": {"n": "Czech", "nn": "Čeština"}, "cu": {"n": "Old Church Slavonic / Old Bulgarian", "nn": "словѣньскъ / slověnĭskŭ"}, "cv": {"n": "Chuvash", "nn": "Чăваш"}, "cy": {"n": "Welsh", "nn": "Cymraeg"}, "da": {"n": "Danish", "nn": "Dansk"}, "de": {"n": "German", "nn": "Deutsch"}, "dv": {"n": "Divehi", "nn": "ދިވެހިބަސް"}, "dz": {"n": "Dzongkha", "nn": "ཇོང་ཁ"}, "ee": {"n": "Ewe", "nn": "Ɛʋɛ"}, "el": {"n": "Greek", "nn": "Ελληνικά"}, "en": {"n": "English", "nn": "English"}, "eo": {"n": "Esperanto", "nn": "Esperanto"}, "es": {"n": "Spanish", "nn": "Español"}, "et": {"n": "Estonian", "nn": "Eesti"}, "eu": {"n": "Basque", "nn": "Euskara"}, "fa": {"n": "Persian", "nn": "فارسی"}, "ff": {"n": "Peul", "nn": "Fulfulde"}, "fi": {"n": "Finnish", "nn": "Suomi"}, "fj": {"n": "Fijian", "nn": "Na Vosa Vakaviti"}, "fo": {"n": "Faroese", "nn": "Føroyskt"}, "fr": {"n": "French", "nn": "Français"}, "fy": {"n": "West Frisian", "nn": "Frysk"}, "ga": {"n": "Irish", "nn": "Gaeilge"}, "gd": {"n": "Scottish Gaelic", "nn": "Gàidhlig"}, "gl": {"n": "Galician", "nn": "Galego"}, "gn": {"n": "Guarani", "nn": "Avañe'ẽ"}, "gu": {"n": "Gujarati", "nn": "ગુજરાતી"}, "gv": {"n": "Manx", "nn": "Gaelg"}, "ha": {"n": "Hausa", "nn": "هَوُسَ"}, "he": {"n": "Hebrew", "nn": "עברית"}, "hi": {"n": "Hindi", "nn": "हिन्दी"}, "ho": {"n": "Hiri Motu", "nn": "Hiri Motu"}, "hr": {"n": "Croatian", "nn": "Hrvatski"}, "ht": {"n": "Haitian", "nn": "Krèyol ayisyen"}, "hu": {"n": "Hungarian", "nn": "Magyar"}, "hy": {"n": "Armenian", "nn": "Հայերեն"}, "hz": {"n": "Herero", "nn": "Otsiherero"}, "ia": {"n": "Interlingua", "nn": "Interlingua"}, "id": {"n": "Indonesian", "nn": "Bahasa Indonesia"}, "ie": {"n": "Interlingue", "nn": "Interlingue"}, "ig": {"n": "Igbo", "nn": "Igbo"}, "ii": {"n": "Sichuan Yi", "nn": "ꆇꉙ / 四川彝语"}, "ik": {"n": "Inupiak", "nn": "Iñupiak"}, "io": {"n": "Ido", "nn": "Ido"}, "is": {"n": "Icelandic", "nn": "Íslenska"}, "it": {"n": "Italian", "nn": "Italiano"}, "iu": {"n": "Inuktitut", "nn": "ᐃᓄᒃᑎᑐᑦ"}, "ja": {"n": "Japanese", "nn": "日本語"}, "jv": {"n": "Javanese", "nn": "Basa Jawa"}, "ka": {"n": "Georgian", "nn": "ქართული"}, "kg": {"n": "Kongo", "nn": "KiKongo"}, "ki": {"n": "Kikuyu", "nn": "Gĩkũyũ"}, "kj": {"n": "Kuanyama", "nn": "Kuanyama"}, "kk": {"n": "Kazakh", "nn": "Қазақша"}, "kl": {"n": "Greenlandic", "nn": "Kalaallisut"}, "km": {"n": "Cambodian", "nn": "ភាសាខ្មែរ"}, "kn": {"n": "Kannada", "nn": "ಕನ್ನಡ"}, "ko": {"n": "Korean", "nn": "한국어"}, "kr": {"n": "Kanuri", "nn": "Kanuri"}, "ks": {"n": "Kashmiri", "nn": "कश्मीरी / كشميري"}, "ku": {"n": "Kurdish", "nn": "Kurdî / كوردی"}, "kv": {"n": "Komi", "nn": "Коми"}, "kw": {"n": "Cornish", "nn": "Kernewek"}, "ky": {"n": "Kyrgyz", "nn": "Кыргызча"}, "la": {"n": "Latin", "nn": "Latina"}, "lb": {"n": "Luxembourgish", "nn": "Lëtzebuergesch"}, "lg": {"n": "Ganda", "nn": "Luganda"}, "li": {"n": "Limburgian", "nn": "Limburgs"}, "ln": {"n": "Lingala", "nn": "Lingála"}, "lo": {"n": "Laotian", "nn": "ລາວ / Pha xa lao"}, "lt": {"n": "Lithuanian", "nn": "Lietuvių"}, "lu": {"n": "Luba-Katanga", "nn": "Tshiluba"}, "lv": {"n": "Latvian", "nn": "Latviešu"}, "mg": {"n": "Malagasy", "nn": "Malagasy"}, "mh": {"n": "Marshallese", "nn": "Kajin Majel / Ebon"}, "mi": {"n": "Maori", "nn": "Māori"}, "mk": {"n": "Macedonian", "nn": "Македонски"}, "ml": {"n": "Malayalam", "nn": "മലയാളം"}, "mn": {"n": "Mongolian", "nn": "Монгол"}, "mo": {"n": "Moldovan", "nn": "Moldovenească"}, "mr": {"n": "Marathi", "nn": "मराठी"}, "ms": {"n": "Malay", "nn": "Bahasa Melayu"}, "mt": {"n": "Maltese", "nn": "bil-Malti"}, "my": {"n": "Burmese", "nn": "မြန်မာစာ"}, "na": {"n": "Nauruan", "nn": "Dorerin Naoero"}, "nb": {"n": "Norwegian Bokmål", "nn": "Norsk bokmål"}, "nd": {"n": "North Ndebele", "nn": "Sindebele"}, "ne": {"n": "Nepali", "nn": "नेपाली"}, "ng": {"n": "Ndonga", "nn": "Oshiwambo"}, "nl": {"n": "Dutch", "nn": "Nederlands"}, "nn": {"n": "Norwegian Nynorsk", "nn": "Norsk nynorsk"}, "no": {"n": "Norwegian", "nn": "Norsk"}, "nr": {"n": "South Ndebele", "nn": "isiNdebele"}, "nv": {"n": "Navajo", "nn": "Diné bizaad"}, "ny": {"n": "Chichewa", "nn": "Chi-Chewa"}, "oc": {"n": "Occitan", "nn": "Occitan"}, "oj": {"n": "Ojibwa", "nn": "ᐊᓂᔑᓈᐯᒧᐎᓐ / Anishinaabemowin"}, "om": {"n": "Oromo", "nn": "Oromoo"}, "or": {"n": "Oriya", "nn": "ଓଡ଼ିଆ"}, "os": {"n": "Ossetian / Ossetic", "nn": "Иронау"}, "pa": {"n": "Panjabi / Punjabi", "nn": "ਪੰਜਾਬੀ / पंजाबी / پنجابي"}, "pi": {"n": "Pali", "nn": "Pāli / पाऴि"}, "pl": {"n": "Polish", "nn": "Polski"}, "ps": {"n": "Pashto", "nn": "پښتو"}, "pt": {"n": "Portuguese", "nn": "Português"}, "qu": {"n": "Quechua", "nn": "Runa Simi"}, "rm": {"n": "Raeto Romance", "nn": "Rumantsch"}, "rn": {"n": "Kirundi", "nn": "Kirundi"}, "ro": {"n": "Romanian", "nn": "Română"}, "ru": {"n": "Russian", "nn": "Русский"}, "rw": {"n": "Rwandi", "nn": "Kinyarwandi"}, "sa": {"n": "Sanskrit", "nn": "संस्कृतम्"}, "sc": {"n": "Sardinian", "nn": "Sardu"}, "sd": {"n": "Sindhi", "nn": "सिनधि"}, "se": {"n": "Northern Sami", "nn": "Sámegiella"}, "sg": {"n": "Sango", "nn": "Sängö"}, "sh": {"n": "Serbo-Croatian", "nn": "Srpskohrvatski / Српскохрватски"}, "si": {"n": "Sinhalese", "nn": "සිංහල"}, "sk": {"n": "Slovak", "nn": "Slovenčina"}, "sl": {"n": "Slovenian", "nn": "Slovenščina"}, "sm": {"n": "Samoan", "nn": "Gagana Samoa"}, "sn": {"n": "Shona", "nn": "chiShona"}, "so": {"n": "Somalia", "nn": "Soomaaliga"}, "sq": {"n": "Albanian", "nn": "Shqip"}, "sr": {"n": "Serbian", "nn": "Српски"}, "ss": {"n": "Swati", "nn": "SiSwati"}, "st": {"n": "Southern Sotho", "nn": "Sesotho"}, "su": {"n": "Sundanese", "nn": "Basa Sunda"}, "sv": {"n": "Swedish", "nn": "Svenska"}, "sw": {"n": "Swahili", "nn": "Kiswahili"}, "ta": {"n": "Tamil", "nn": "தமிழ்"}, "te": {"n": "Telugu", "nn": "తెలుగు"}, "tg": {"n": "Tajik", "nn": "Тоҷикӣ"}, "th": {"n": "Thai", "nn": "ไทย / Phasa Thai"}, "ti": {"n": "Tigrinya", "nn": "ትግርኛ"}, "tk": {"n": "Turkmen", "nn": "Туркмен / تركمن"}, "tl": {"n": "Tagalog / Filipino", "nn": "Tagalog"}, "tn": {"n": "Tswana", "nn": "Setswana"}, "to": {"n": "Tonga", "nn": "Lea Faka-Tonga"}, "tr": {"n": "Turkish", "nn": "Türkçe"}, "ts": {"n": "Tsonga", "nn": "Xitsonga"}, "tt": {"n": "Tatar", "nn": "Tatarça"}, "tw": {"n": "Twi", "nn": "Twi"}, "ty": {"n": "Tahitian", "nn": "Reo Mā`ohi"}, "ug": {"n": "Uyghur", "nn": "Uyƣurqə / ئۇيغۇرچە"}, "uk": {"n": "Ukrainian", "nn": "Українська"}, "ur": {"n": "Urdu", "nn": "اردو"}, "uz": {"n": "Uzbek", "nn": "Ўзбек"}, "ve": {"n": "Venda", "nn": "Tshivenḓa"}, "vi": {"n": "Vietnamese", "nn": "Tiếng Việt"}, "vo": {"n": "Volapük", "nn": "Volapük"}, "wa": {"n": "Walloon", "nn": "Walon"}, "wo": {"n": "Wolof", "nn": "Wollof"}, "xh": {"n": "Xhosa", "nn": "isiXhosa"}, "yi": {"n": "Yiddish", "nn": "ייִדיש"}, "yo": {"n": "Yoruba", "nn": "Yorùbá"}, "za": {"n": "Zhuang", "nn": "Cuengh / Tôô / 壮语"}, "zh": {"n": "Chinese", "nn": "中文"}, "zu": {"n": "Zulu", "nn": "isiZulu"}}