{"afar": "Afar", "abkhazian": "Аҧсуа", "afrikaans": "Afrikaans", "akan": "Akana", "amharic": "አማርኛ", "aragonese": "Aragonés", "arabic": "العربية", "assamese": "অসমীয়া", "avar": "Авар", "aymara": "Aymar", "azerbaijani": "Azərbaycanca / آذربايجان", "bashkir": "Башҡорт", "belarusian": "Беларуская", "bulgarian": "Български", "bihari": "भोजपुरी", "bislama": "Bislama", "bambara": "Bamanankan", "bengali": "বাংলা", "tibetan": "བོད་ཡིག / Bod skad", "breton": "Brezhoneg", "bosnian": "Bosanski", "catalan": "Català", "chechen": "Нохчийн", "chamorro": "Chamoru", "corsican": "Corsu", "cree": "Nehiyaw", "czech": "Čeština", "old church slavonic / old bulgarian": "словѣньскъ / slověnĭskŭ", "chuvash": "Чăваш", "welsh": "Cymraeg", "danish": "Dansk", "german": "Deutsch", "divehi": "ދިވެހިބަސް", "dzongkha": "ཇོང་ཁ", "ewe": "Ɛʋɛ", "greek": "Ελληνικά", "english": "English", "esperanto": "Esperanto", "spanish": "Español", "estonian": "Eesti", "basque": "Euskara", "persian": "فارسی", "peul": "Fulfulde", "finnish": "Suomi", "fijian": "Na Vosa Vakaviti", "faroese": "Føroyskt", "french": "Français", "west frisian": "Frysk", "irish": "Gaeilge", "scottish gaelic": "Gàidhlig", "galician": "Galego", "guarani": "Avañe'ẽ", "gujarati": "ગુજરાતી", "manx": "Gaelg", "hausa": "هَوُسَ", "hebrew": "עברית", "hindi": "हिन्दी", "hiri motu": "Hiri Motu", "croatian": "Hrvatski", "haitian": "Krèyol ayisyen", "hungarian": "Magyar", "armenian": "Հայերեն", "herero": "Otsiherero", "interlingua": "Interlingua", "indonesian": "Bahasa Indonesia", "interlingue": "Interlingue", "igbo": "Igbo", "sichuan yi": "ꆇꉙ / 四川彝语", "inupiak": "Iñupiak", "ido": "Ido", "icelandic": "Íslenska", "italian": "Italiano", "inuktitut": "ᐃᓄᒃᑎᑐᑦ", "japanese": "日本語", "javanese": "Basa Jawa", "georgian": "ქართული", "kongo": "KiKongo", "kikuyu": "Gĩkũyũ", "kuanyama": "Kuanyama", "kazakh": "Қазақша", "greenlandic": "Kalaallisut", "cambodian": "ភាសាខ្មែរ", "kannada": "ಕನ್ನಡ", "korean": "한국어", "kanuri": "Kanuri", "kashmiri": "कश्मीरी / كشميري", "kurdish": "Kurdî / كوردی", "komi": "Коми", "cornish": "Kernewek", "kyrgyz": "Кыргызча", "latin": "Latina", "luxembourgish": "Lëtzebuergesch", "ganda": "Luganda", "limburgian": "Limburgs", "lingala": "Lingála", "laotian": "ລາວ / Pha xa lao", "lithuanian": "Lietuvių", "luba-katanga": "Tshiluba", "latvian": "Latviešu", "malagasy": "Malagasy", "marshallese": "Kajin Majel / Ebon", "maori": "Māori", "macedonian": "Македонски", "malayalam": "മലയാളം", "mongolian": "Монгол", "moldovan": "Moldovenească", "marathi": "मराठी", "malay": "Bahasa Melayu", "maltese": "bil-Malti", "burmese": "မြန်မာစာ", "nauruan": "Dorerin Naoero", "norwegian bokmål": "Norsk bokmål", "north ndebele": "Sindebele", "nepali": "नेपाली", "ndonga": "Oshiwambo", "dutch": "Nederlands", "norwegian nynorsk": "Norsk nynorsk", "norwegian": "Norsk", "south ndebele": "isiNdebele", "navajo": "Diné bizaad", "chichewa": "Chi-Chewa", "occitan": "Occitan", "ojibwa": "ᐊᓂᔑᓈᐯᒧᐎᓐ / Anishinaabemowin", "oromo": "Oromoo", "oriya": "ଓଡ଼ିଆ", "ossetian / ossetic": "Иронау", "panjabi / punjabi": "ਪੰਜਾਬੀ / पंजाबी / پنجابي", "pali": "Pāli / पाऴि", "polish": "Polski", "pashto": "پښتو", "portuguese": "Português", "quechua": "Runa Simi", "raeto romance": "Rumantsch", "kirundi": "Kirundi", "romanian": "Română", "russian": "Русский", "rwandi": "Kinyarwandi", "sanskrit": "संस्कृतम्", "sardinian": "Sardu", "sindhi": "सिनधि", "northern sami": "Sámegiella", "sango": "Sängö", "serbo-croatian": "Srpskohrvatski / Српскохрватски", "sinhalese": "සිංහල", "slovak": "Slovenčina", "slovenian": "Slovenščina", "samoan": "Gagana Samoa", "shona": "chiShona", "somalia": "Soomaaliga", "albanian": "Shqip", "serbian": "Српски", "swati": "SiSwati", "southern sotho": "Sesotho", "sundanese": "Basa Sunda", "swedish": "Svenska", "swahili": "Kiswahili", "tamil": "தமிழ்", "telugu": "తెలుగు", "tajik": "Тоҷикӣ", "thai": "ไทย / Phasa Thai", "tigrinya": "ትግርኛ", "turkmen": "Туркмен / تركمن", "tagalog / filipino": "Tagalog", "tswana": "Setswana", "tonga": "Lea Faka-Tonga", "turkish": "Türkçe", "tsonga": "Xitsonga", "tatar": "Tatarça", "twi": "Twi", "tahitian": "Reo Mā`ohi", "uyghur": "Uyƣurqə / ئۇيغۇرچە", "ukrainian": "Українська", "urdu": "اردو", "uzbek": "Ўзбек", "venda": "Tshivenḓa", "vietnamese": "Tiếng Việt", "volapük": "Volapük", "walloon": "Walon", "wolof": "Wollof", "xhosa": "isiXhosa", "yiddish": "ייִדיש", "yoruba": "Yorùbá", "zhuang": "Cuengh / Tôô / 壮语", "chinese": "中文", "zulu": "isiZulu"}