{"黑龙江": ["Amur River", "Heilungkiang", "黑龙江"], "安徽": ["Anhwei", "安徽"], "北京": ["Beijing", "Pekin IL"], "浙江": ["Chekiang"], "重庆": ["chongqing", "Chungking"], "大连": ["Dalian"], "福建": ["Fukien"], "海南": ["Hainan"], "河北": ["he bei", "Hopei", "河北"], "香港": ["HK", "Hong Kong"], "河南": ["Honan", "河南"], "湖南": ["Hunan"], "湖北": ["Hupei"], "内蒙古": ["Inner Mongolia"], "江苏": ["Jiangsu", "Kansu", "Kiangsu"], "吉林": ["Jilin", "吉林"], "江西": ["Kiangsi"], "广西": ["Kwangsi"], "广东": ["Kwangtung"], "贵州": ["Kweichow"], "辽宁": ["Liaoning"], "澳门": ["Macao"], "宁夏": ["Ningsia"], "山西": ["Shaanxi", "Shansi"], "上海": ["Shanghai", "上海"], "山东": ["Shantung", "安丘市"], "陕西": ["Shensi"], "四川": ["Sichuan", "Szechuan", "四川"], "新疆": ["Sinkiang"], "西藏": ["Tibet"], "天津": ["Tientsin"], "青海": ["Tsinghai"], "云南": ["Yunnan"], "台湾": ["台湾"], "成都": ["成都"]}