{"assets/files/country.json":["assets/files/country.json"],"assets/files/languages-nmap.json":["assets/files/languages-nmap.json"],"assets/files/languages.json":["assets/files/languages.json"],"assets/files/state.json":["assets/files/state.json"],"assets/iconfont/iconfont.ttf":["assets/iconfont/iconfont.ttf"],"assets/images/logo.png":["assets/images/logo.png"],"packages/cupertino_icons/assets/CupertinoIcons.ttf":["packages/cupertino_icons/assets/CupertinoIcons.ttf"],"packages/window_manager/images/ic_chrome_close.png":["packages/window_manager/images/ic_chrome_close.png"],"packages/window_manager/images/ic_chrome_maximize.png":["packages/window_manager/images/ic_chrome_maximize.png"],"packages/window_manager/images/ic_chrome_minimize.png":["packages/window_manager/images/ic_chrome_minimize.png"],"packages/window_manager/images/ic_chrome_unmaximize.png":["packages/window_manager/images/ic_chrome_unmaximize.png"]}